<?xml version="1.0" encoding="UTF-8"?> 
<java version="1.5.0_13" class="java.beans.XMLDecoder"> 
 <object class="net.sf.jaxodraw.graph.JaxoSaveGraph"> 
  <void property="jaxoDrawVersion"> 
   <string>2.0-1</string> 
  </void> 
  <void property="objectList"> 
   <void method="add"> 
    <object class="net.sf.jaxodraw.object.line.JaxoFLine"> 
     <void property="DLSeparation"> 
      <float>2.0</float> 
     </void> 
     <void property="amp"> 
      <int>15</int> 
     </void> 
     <void property="arrow"> 
      <void property="arrowLength"> 
       <float>6.666667</float> 
      </void> 
      <void property="arrowWidth"> 
       <float>2.6666667</float> 
      </void> 
      <void id="Color0" property="color"/> 
     </void> 
     <void property="arrowPosition"> 
      <float>0.5</float> 
     </void> 
     <void property="color"> 
      <object idref="Color0"/> 
     </void> 
     <void property="paintArrow"> 
      <boolean>true</boolean> 
     </void> 
     <void id="PointArray0" property="points"> 
      <void index="0"> 
       <object class="java.awt.Point"> 
        <int>128</int> 
        <int>32</int> 
       </object> 
      </void> 
      <void index="1"> 
       <object class="java.awt.Point"> 
        <int>224</int> 
        <int>96</int> 
       </object> 
      </void> 
     </void> 
     <void property="points"> 
      <object idref="PointArray0"/> 
     </void> 
     <void property="strokeWidth"> 
      <float>2.0</float> 
     </void> 
    </object> 
   </void> 
   <void method="add"> 
    <object class="net.sf.jaxodraw.object.line.JaxoFLine"> 
     <void property="DLSeparation"> 
      <float>2.0</float> 
     </void> 
     <void property="amp"> 
      <int>15</int> 
     </void> 
     <void property="arrow"> 
      <void property="arrowLength"> 
       <float>6.666667</float> 
      </void> 
      <void property="arrowWidth"> 
       <float>2.6666667</float> 
      </void> 
     </void> 
     <void property="arrowPosition"> 
      <float>0.5</float> 
     </void> 
     <void property="color"> 
      <object idref="Color0"/> 
     </void> 
     <void property="paintArrow"> 
      <boolean>true</boolean> 
     </void> 
     <void id="PointArray1" property="points"> 
      <void index="0"> 
       <object class="java.awt.Point"> 
        <int>224</int> 
        <int>96</int> 
       </object> 
      </void> 
      <void index="1"> 
       <object class="java.awt.Point"> 
        <int>320</int> 
        <int>32</int> 
       </object> 
      </void> 
     </void> 
     <void property="points"> 
      <object idref="PointArray1"/> 
     </void> 
     <void property="strokeWidth"> 
      <float>2.0</float> 
     </void> 
    </object> 
   </void> 
   <void method="add"> 
    <object class="net.sf.jaxodraw.object.line.JaxoFLine"> 
     <void property="DLSeparation"> 
      <float>2.0</float> 
     </void> 
     <void property="amp"> 
      <int>15</int> 
     </void> 
     <void property="arrow"> 
      <void property="arrowLength"> 
       <float>6.666667</float> 
      </void> 
      <void property="arrowWidth"> 
       <float>2.6666667</float> 
      </void> 
     </void> 
     <void property="arrowPosition"> 
      <float>0.5</float> 
     </void> 
     <void property="color"> 
      <object idref="Color0"/> 
     </void> 
     <void property="flip"> 
      <boolean>true</boolean> 
     </void> 
     <void property="paintArrow"> 
      <boolean>true</boolean> 
     </void> 
     <void id="PointArray2" property="points"> 
      <void index="0"> 
       <object class="java.awt.Point"> 
        <int>128</int> 
        <int>320</int> 
       </object> 
      </void> 
      <void index="1"> 
       <object class="java.awt.Point"> 
        <int>224</int> 
        <int>256</int> 
       </object> 
      </void> 
     </void> 
     <void property="points"> 
      <object idref="PointArray2"/> 
     </void> 
     <void property="strokeWidth"> 
      <float>2.0</float> 
     </void> 
    </object> 
   </void> 
   <void method="add"> 
    <object class="net.sf.jaxodraw.object.line.JaxoFLine"> 
     <void property="DLSeparation"> 
      <float>2.0</float> 
     </void> 
     <void property="amp"> 
      <int>15</int> 
     </void> 
     <void property="arrow"> 
      <void property="arrowLength"> 
       <float>6.666667</float> 
      </void> 
      <void property="arrowWidth"> 
       <float>2.6666667</float> 
      </void> 
     </void> 
     <void property="arrowPosition"> 
      <float>0.5</float> 
     </void> 
     <void property="color"> 
      <object idref="Color0"/> 
     </void> 
     <void property="flip"> 
      <boolean>true</boolean> 
     </void> 
     <void property="paintArrow"> 
      <boolean>true</boolean> 
     </void> 
     <void id="PointArray3" property="points"> 
      <void index="0"> 
       <object class="java.awt.Point"> 
        <int>224</int> 
        <int>256</int> 
       </object> 
      </void> 
      <void index="1"> 
       <object class="java.awt.Point"> 
        <int>320</int> 
        <int>320</int> 
       </object> 
      </void> 
     </void> 
     <void property="points"> 
      <object idref="PointArray3"/> 
     </void> 
     <void property="strokeWidth"> 
      <float>2.0</float> 
     </void> 
    </object> 
   </void> 
   <void method="add"> 
    <object class="net.sf.jaxodraw.object.line.JaxoFLine"> 
     <void property="DLSeparation"> 
      <float>2.0</float> 
     </void> 
     <void property="amp"> 
      <int>15</int> 
     </void> 
     <void property="arrow"> 
      <void property="arrowLength"> 
       <float>6.666667</float> 
      </void> 
      <void property="arrowWidth"> 
       <float>2.6666667</float> 
      </void> 
     </void> 
     <void property="arrowPosition"> 
      <float>0.5</float> 
     </void> 
     <void property="color"> 
      <object idref="Color0"/> 
     </void> 
     <void property="paintArrow"> 
      <boolean>true</boolean> 
     </void> 
     <void id="PointArray4" property="points"> 
      <void index="0"> 
       <object class="java.awt.Point"> 
        <int>224</int> 
        <int>192</int> 
       </object> 
      </void> 
      <void index="1"> 
       <object class="java.awt.Point"> 
        <int>224</int> 
        <int>160</int> 
       </object> 
      </void> 
     </void> 
     <void property="points"> 
      <object idref="PointArray4"/> 
     </void> 
     <void property="strokeWidth"> 
      <float>2.0</float> 
     </void> 
    </object> 
   </void> 
   <void method="add"> 
    <object class="net.sf.jaxodraw.object.line.JaxoPLine"> 
     <void property="DLSeparation"> 
      <float>2.0</float> 
     </void> 
     <void property="amp"> 
      <int>11</int> 
     </void> 
     <void property="arrow"> 
      <void property="arrowLength"> 
       <float>6.666667</float> 
      </void> 
      <void property="arrowWidth"> 
       <float>2.6666667</float> 
      </void> 
     </void> 
     <void property="color"> 
      <object idref="Color0"/> 
     </void> 
     <void id="PointArray5" property="points"> 
      <void index="0"> 
       <object class="java.awt.Point"> 
        <int>224</int> 
        <int>96</int> 
       </object> 
      </void> 
      <void index="1"> 
       <object class="java.awt.Point"> 
        <int>224</int> 
        <int>160</int> 
       </object> 
      </void> 
     </void> 
     <void property="points"> 
      <object idref="PointArray5"/> 
     </void> 
     <void property="strokeWidth"> 
      <float>2.0</float> 
     </void> 
     <void property="wiggles"> 
      <int>4</int> 
     </void> 
    </object> 
   </void> 
   <void method="add"> 
    <object class="net.sf.jaxodraw.object.line.JaxoPLine"> 
     <void property="DLSeparation"> 
      <float>2.0</float> 
     </void> 
     <void property="amp"> 
      <int>11</int> 
     </void> 
     <void property="arrow"> 
      <void property="arrowLength"> 
       <float>6.666667</float> 
      </void> 
      <void property="arrowWidth"> 
       <float>2.6666667</float> 
      </void> 
     </void> 
     <void property="color"> 
      <object idref="Color0"/> 
     </void> 
     <void id="PointArray6" property="points"> 
      <void index="0"> 
       <object class="java.awt.Point"> 
        <int>224</int> 
        <int>192</int> 
       </object> 
      </void> 
      <void index="1"> 
       <object class="java.awt.Point"> 
        <int>224</int> 
        <int>256</int> 
       </object> 
      </void> 
     </void> 
     <void property="points"> 
      <object idref="PointArray6"/> 
     </void> 
     <void property="strokeWidth"> 
      <float>2.0</float> 
     </void> 
     <void property="wiggles"> 
      <int>4</int> 
     </void> 
    </object> 
   </void> 
   <void method="add"> 
    <object class="net.sf.jaxodraw.object.line.JaxoFLine"> 
     <void property="DLSeparation"> 
      <float>2.0</float> 
     </void> 
     <void property="amp"> 
      <int>15</int> 
     </void> 
     <void property="arrow"> 
      <void property="arrowLength"> 
       <float>6.666667</float> 
      </void> 
      <void property="arrowWidth"> 
       <float>2.6666667</float> 
      </void> 
     </void> 
     <void property="arrowPosition"> 
      <float>0.5</float> 
     </void> 
     <void property="color"> 
      <object idref="Color0"/> 
     </void> 
     <void property="paintArrow"> 
      <boolean>true</boolean> 
     </void> 
     <void id="PointArray7" property="points"> 
      <void index="0"> 
       <object class="java.awt.Point"> 
        <int>224</int> 
        <int>160</int> 
       </object> 
      </void> 
      <void index="1"> 
       <object class="java.awt.Point"> 
        <int>320</int> 
        <int>144</int> 
       </object> 
      </void> 
     </void> 
     <void property="points"> 
      <object idref="PointArray7"/> 
     </void> 
     <void property="strokeWidth"> 
      <float>2.0</float> 
     </void> 
    </object> 
   </void> 
   <void method="add"> 
    <object class="net.sf.jaxodraw.object.line.JaxoFLine"> 
     <void property="DLSeparation"> 
      <float>2.0</float> 
     </void> 
     <void property="amp"> 
      <int>15</int> 
     </void> 
     <void property="arrow"> 
      <void property="arrowLength"> 
       <float>6.666667</float> 
      </void> 
      <void property="arrowWidth"> 
       <float>2.6666667</float> 
      </void> 
     </void> 
     <void property="arrowPosition"> 
      <float>0.5</float> 
     </void> 
     <void property="color"> 
      <object idref="Color0"/> 
     </void> 
     <void property="flip"> 
      <boolean>true</boolean> 
     </void> 
     <void property="paintArrow"> 
      <boolean>true</boolean> 
     </void> 
     <void id="PointArray8" property="points"> 
      <void index="0"> 
       <object class="java.awt.Point"> 
        <int>224</int> 
        <int>192</int> 
       </object> 
      </void> 
      <void index="1"> 
       <object class="java.awt.Point"> 
        <int>320</int> 
        <int>208</int> 
       </object> 
      </void> 
     </void> 
     <void property="points"> 
      <object idref="PointArray8"/> 
     </void> 
     <void property="strokeWidth"> 
      <float>2.0</float> 
     </void> 
    </object> 
   </void> 
   <void method="add"> 
    <object class="net.sf.jaxodraw.object.text.JaxoLatexText"> 
     <void property="allign"> 
      <int>2</int> 
     </void> 
     <void property="color"> 
      <object idref="Color0"/> 
     </void> 
     <void property="latexTextSize"> 
      <int>8</int> 
     </void> 
     <void id="PointArray9" property="points"> 
      <void index="0"> 
       <object class="java.awt.Point"> 
        <int>192</int> 
        <int>224</int> 
       </object> 
      </void> 
     </void> 
     <void property="points"> 
      <object idref="PointArray9"/> 
     </void> 
     <void property="textString"> 
      <string>\gamma</string> 
     </void> 
    </object> 
   </void> 
   <void method="add"> 
    <object class="net.sf.jaxodraw.object.text.JaxoLatexText"> 
     <void property="allign"> 
      <int>2</int> 
     </void> 
     <void property="color"> 
      <object idref="Color0"/> 
     </void> 
     <void property="latexTextSize"> 
      <int>8</int> 
     </void> 
     <void id="PointArray10" property="points"> 
      <void index="0"> 
       <object class="java.awt.Point"> 
        <int>192</int> 
        <int>128</int> 
       </object> 
      </void> 
     </void> 
     <void property="points"> 
      <object idref="PointArray10"/> 
     </void> 
     <void property="textString"> 
      <string>\gamma</string> 
     </void> 
    </object> 
   </void> 
   <void method="add"> 
    <object class="net.sf.jaxodraw.object.text.JaxoLatexText"> 
     <void property="allign"> 
      <int>2</int> 
     </void> 
     <void property="color"> 
      <object idref="Color0"/> 
     </void> 
     <void property="latexTextSize"> 
      <int>8</int> 
     </void> 
     <void id="PointArray11" property="points"> 
      <void index="0"> 
       <object class="java.awt.Point"> 
        <int>96</int> 
        <int>320</int> 
       </object> 
      </void> 
     </void> 
     <void property="points"> 
      <object idref="PointArray11"/> 
     </void> 
     <void property="textString"> 
      <string>\mathrm{e}^+</string> 
     </void> 
    </object> 
   </void> 
   <void method="add"> 
    <object class="net.sf.jaxodraw.object.text.JaxoLatexText"> 
     <void property="allign"> 
      <int>2</int> 
     </void> 
     <void property="color"> 
      <object idref="Color0"/> 
     </void> 
     <void property="latexTextSize"> 
      <int>8</int> 
     </void> 
     <void id="PointArray12" property="points"> 
      <void index="0"> 
       <object class="java.awt.Point"> 
        <int>336</int> 
        <int>320</int> 
       </object> 
      </void> 
     </void> 
     <void property="points"> 
      <object idref="PointArray12"/> 
     </void> 
     <void property="textString"> 
      <string>\mathrm{e}^+</string> 
     </void> 
    </object> 
   </void> 
   <void method="add"> 
    <object class="net.sf.jaxodraw.object.text.JaxoLatexText"> 
     <void property="allign"> 
      <int>2</int> 
     </void> 
     <void property="color"> 
      <object idref="Color0"/> 
     </void> 
     <void property="latexTextSize"> 
      <int>8</int> 
     </void> 
     <void id="PointArray13" property="points"> 
      <void index="0"> 
       <object class="java.awt.Point"> 
        <int>336</int> 
        <int>32</int> 
       </object> 
      </void> 
     </void> 
     <void property="points"> 
      <object idref="PointArray13"/> 
     </void> 
     <void property="textString"> 
      <string>\mathrm{e}^-</string> 
     </void> 
    </object> 
   </void> 
   <void method="add"> 
    <object class="net.sf.jaxodraw.object.text.JaxoLatexText"> 
     <void property="allign"> 
      <int>2</int> 
     </void> 
     <void property="color"> 
      <object idref="Color0"/> 
     </void> 
     <void property="latexTextSize"> 
      <int>8</int> 
     </void> 
     <void id="PointArray14" property="points"> 
      <void index="0"> 
       <object class="java.awt.Point"> 
        <int>96</int> 
        <int>32</int> 
       </object> 
      </void> 
     </void> 
     <void property="points"> 
      <object idref="PointArray14"/> 
     </void> 
     <void property="textString"> 
      <string>\mathrm{e}^-</string> 
     </void> 
    </object> 
   </void> 
   <void method="add"> 
    <object class="net.sf.jaxodraw.object.text.JaxoLatexText"> 
     <void property="allign"> 
      <int>2</int> 
     </void> 
     <void property="color"> 
      <object idref="Color0"/> 
     </void> 
     <void property="latexTextSize"> 
      <int>8</int> 
     </void> 
     <void id="PointArray15" property="points"> 
      <void index="0"> 
       <object class="java.awt.Point"> 
        <int>336</int> 
        <int>208</int> 
       </object> 
      </void> 
     </void> 
     <void property="points"> 
      <object idref="PointArray15"/> 
     </void> 
     <void property="textString"> 
      <string>\overline{\mathrm{f}}</string> 
     </void> 
    </object> 
   </void> 
   <void method="add"> 
    <object class="net.sf.jaxodraw.object.text.JaxoLatexText"> 
     <void property="allign"> 
      <int>2</int> 
     </void> 
     <void property="color"> 
      <object idref="Color0"/> 
     </void> 
     <void property="latexTextSize"> 
      <int>8</int> 
     </void> 
     <void id="PointArray16" property="points"> 
      <void index="0"> 
       <object class="java.awt.Point"> 
        <int>336</int> 
        <int>144</int> 
       </object> 
      </void> 
     </void> 
     <void property="points"> 
      <object idref="PointArray16"/> 
     </void> 
     <void property="textString"> 
      <string>\mathrm{f}</string> 
     </void> 
    </object> 
   </void> 
  </void> 
 </object> 
</java> 
